{
    "test_score": 0.975,
    "sparsity": 0.5,
    "n_rounds": 5,
    "prune_epochs": 5,
    "norm": "L1",
    "generate_time": 207.773592710495,
    "structured": false,
    "fine_tune": false,
    "NonCallBack": {
        "ObjectiveValue": -17.530362605873115,
        "MostNegativeValue": -13.867831230163574,
        "TimeFirstNegative": 94.32971501350403,
        "SolverStatus": 9,
        "Runtime": 300.091148853302,
        "Batch_num": 4
    },
    "RemoveRegion": {
        "ObjectiveValue": null,
        "MostNegativeValue": -17.29697036743164,
        "TimeFirstNegative": 14.010552167892456,
        "SolverStatus": 9,
        "Runtime": 300.01454520225525
    },
    "NonZeroParams": 17097,
    "ParametersDetails": {
        "1.weight": 10368,
        "3.weight": 2048,
        "5.weight": 2048,
        "7.weight": 2048,
        "9.weight": 319
    }
}