{
    "test_score": 0.0982,
    "sparsity": 0.8,
    "n_rounds": 5,
    "prune_epochs": 5,
    "norm": "random",
    "generate_time": 2.0410263538360596,
    "structured": false,
    "fine_tune": false,
    "NonCallBack": {
        "ObjectiveValue": 1.0496850826330155,
        "MostNegativeValue": -2.582974433898926,
        "TimeFirstNegative": 0.06542015075683594,
        "SolverStatus": 9,
        "Runtime": 300.16091895103455,
        "Batch_num": 1
    },
    "NonZeroParams": 12889,
    "ParametersDetails": {
        "1.weight": 10035,
        "3.weight": 820,
        "5.weight": 820,
        "7.weight": 820,
        "9.weight": 128
    }
}