{
    "test_score": 0.0982,
    "sparsity": 0.9,
    "n_rounds": 5,
    "prune_epochs": 5,
    "norm": "random",
    "generate_time": 1.9569809436798096,
    "structured": false,
    "fine_tune": false,
    "NonCallBack": {
        "ObjectiveValue": 1.0463760417726442,
        "MostNegativeValue": -4.39719295501709,
        "TimeFirstNegative": 1.420051097869873,
        "SolverStatus": 9,
        "Runtime": 300.1832981109619,
        "Batch_num": 1
    },
    "NonZeroParams": 6574,
    "ParametersDetails": {
        "1.weight": 5017,
        "3.weight": 409,
        "5.weight": 409,
        "7.weight": 409,
        "9.weight": 64
    }
}