{
    "test_score": 0.9594,
    "sparsity": 0.5,
    "n_rounds": 5,
    "prune_epochs": 5,
    "norm": "random",
    "generate_time": 204.05743312835693,
    "structured": false,
    "fine_tune": true,
    "NonCallBack": {
        "ObjectiveValue": -11.964231473872388,
        "MostNegativeValue": -8.985086441040039,
        "TimeFirstNegative": 112.7929368019104,
        "SolverStatus": 9,
        "Runtime": 300.06362891197205,
        "Batch_num": 1
    },
    "NonZeroParams": 31817,
    "ParametersDetails": {
        "1.weight": 25088,
        "3.weight": 2048,
        "5.weight": 2048,
        "7.weight": 2048,
        "9.weight": 319
    }
}