{
    "test_score": 0.1135,
    "sparsity": 0.9,
    "n_rounds": 5,
    "prune_epochs": 5,
    "norm": "random",
    "generate_time": 210.48296689987183,
    "structured": true,
    "fine_tune": true,
    "NonCallBack": {
        "ObjectiveValue": 1.0647643525153399,
        "MostNegativeValue": 0.6697739362716675,
        "TimeFirstNegative": 0.008818864822387695,
        "SolverStatus": 2,
        "Runtime": 0.009053945541381836,
        "Batch_num": 4
    },
    "NonZeroParams": 3426,
    "ParametersDetails": {
        "1.weight": 1944,
        "3.weight": 384,
        "5.weight": 384,
        "7.weight": 384,
        "9.weight": 64
    }
}