{
    "test_score": 0.2019,
    "sparsity": 0.8,
    "n_rounds": 5,
    "prune_epochs": 5,
    "norm": "L1",
    "generate_time": 1.922898769378662,
    "structured": true,
    "fine_tune": false,
    "NonCallBack": {
        "ObjectiveValue": 0.4046724143684408,
        "MostNegativeValue": -15.068626403808594,
        "TimeFirstNegative": 4.333204984664917,
        "SolverStatus": 2,
        "Runtime": 9.822704076766968,
        "Batch_num": 4
    },
    "RemoveRegion": {
        "ObjectiveValue": null,
        "MostNegativeValue": -18.744770050048828,
        "TimeFirstNegative": 1.1740801334381104,
        "SolverStatus": 9,
        "Runtime": 300.52852296829224
    },
    "NonZeroParams": 6586,
    "ParametersDetails": {
        "1.weight": 3888,
        "3.weight": 768,
        "5.weight": 768,
        "7.weight": 768,
        "9.weight": 128
    }
}