{
    "test_score": 0.3894,
    "sparsity": 0.5,
    "n_rounds": 5,
    "prune_epochs": 5,
    "norm": "L1",
    "generate_time": 1.9732978343963623,
    "structured": true,
    "fine_tune": false,
    "NonCallBack": {
        "ObjectiveValue": -3.7476590671667127,
        "MostNegativeValue": -10.113900184631348,
        "TimeFirstNegative": 75.13693404197693,
        "SolverStatus": 9,
        "Runtime": 300.10917019844055,
        "Batch_num": 4
    },
    "RemoveRegion": {
        "ObjectiveValue": null,
        "MostNegativeValue": -14.481145858764648,
        "TimeFirstNegative": 5.776995897293091,
        "SolverStatus": 9,
        "Runtime": 300.0269968509674
    },
    "NonZeroParams": 17098,
    "ParametersDetails": {
        "1.weight": 10368,
        "3.weight": 2048,
        "5.weight": 2048,
        "7.weight": 2048,
        "9.weight": 320
    }
}