{
    "test_score": 0.0935,
    "sparsity": 0.95,
    "n_rounds": 5,
    "prune_epochs": 5,
    "norm": "L1",
    "generate_time": 1.9523494243621826,
    "structured": false,
    "fine_tune": false,
    "NonCallBack": {
        "ObjectiveValue": 0.8680000301190658,
        "MostNegativeValue": -6.603936195373535,
        "TimeFirstNegative": 1.3991410732269287,
        "SolverStatus": 2,
        "Runtime": 89.44739603996277,
        "Batch_num": 1
    },
    "RemoveRegion": {
        "ObjectiveValue": null,
        "MostNegativeValue": -10.098663330078125,
        "TimeFirstNegative": 4.881820917129517,
        "SolverStatus": 9,
        "Runtime": 300.39581084251404
    },
    "NonZeroParams": 3422,
    "ParametersDetails": {
        "1.weight": 2509,
        "3.weight": 205,
        "5.weight": 205,
        "7.weight": 205,
        "9.weight": 32
    }
}