{
    "test_score": 0.1135,
    "sparsity": 0.9,
    "n_rounds": 5,
    "prune_epochs": 5,
    "norm": "L1",
    "generate_time": 1.8431048393249512,
    "structured": true,
    "fine_tune": false,
    "NonCallBack": {
        "ObjectiveValue": 1.026052713394165,
        "MostNegativeValue": -0.5499570369720459,
        "TimeFirstNegative": 0.011487007141113281,
        "SolverStatus": 2,
        "Runtime": 0.011801004409790039,
        "Batch_num": 4
    },
    "RemoveRegion": {
        "ObjectiveValue": null,
        "MostNegativeValue": -11.739734649658203,
        "TimeFirstNegative": 0.017019987106323242,
        "SolverStatus": 9,
        "Runtime": 300.2105028629303
    },
    "NonZeroParams": 3426,
    "ParametersDetails": {
        "1.weight": 1944,
        "3.weight": 384,
        "5.weight": 384,
        "7.weight": 384,
        "9.weight": 64
    }
}