{
    "test_score": 0.5008,
    "sparsity": 0.3,
    "n_rounds": 5,
    "prune_epochs": 5,
    "norm": "random",
    "generate_time": 2.007491111755371,
    "structured": true,
    "fine_tune": false,
    "NonCallBack": {
        "ObjectiveValue": -1.299237984053455,
        "MostNegativeValue": -11.459762573242188,
        "TimeFirstNegative": 0.12752413749694824,
        "SolverStatus": 9,
        "Runtime": 300.4232292175293,
        "Batch_num": 1
    },
    "NonZeroParams": 44634,
    "ParametersDetails": {
        "1.weight": 35280,
        "3.weight": 2880,
        "5.weight": 2880,
        "7.weight": 2880,
        "9.weight": 448
    }
}