{
    "test_score": 0.9669,
    "sparsity": 0.3,
    "n_rounds": 5,
    "prune_epochs": 5,
    "norm": "random",
    "generate_time": 210.5718011856079,
    "structured": false,
    "fine_tune": true,
    "NonCallBack": {
        "ObjectiveValue": -16.364681045811786,
        "MostNegativeValue": -13.001977920532227,
        "TimeFirstNegative": 129.99126887321472,
        "SolverStatus": 9,
        "Runtime": 300.02697682380676,
        "Batch_num": 4
    },
    "NonZeroParams": 23830,
    "ParametersDetails": {
        "1.weight": 14515,
        "3.weight": 2867,
        "5.weight": 2867,
        "7.weight": 2867,
        "9.weight": 448
    }
}