{
    "test_score": 0.44,
    "sparsity": 0.5,
    "n_rounds": 5,
    "prune_epochs": 5,
    "norm": "L1",
    "generate_time": 1.8717246055603027,
    "structured": true,
    "fine_tune": false,
    "NonCallBack": {
        "ObjectiveValue": -2.6863267256516727,
        "MostNegativeValue": -7.068442344665527,
        "TimeFirstNegative": 0.06499505043029785,
        "SolverStatus": 9,
        "Runtime": 300.4242260456085,
        "Batch_num": 1
    },
    "RemoveRegion": {
        "ObjectiveValue": null,
        "MostNegativeValue": -15.64682388305664,
        "TimeFirstNegative": 0.05491304397583008,
        "SolverStatus": 9,
        "Runtime": 300.3454349040985
    },
    "NonZeroParams": 31818,
    "ParametersDetails": {
        "1.weight": 25088,
        "3.weight": 2048,
        "5.weight": 2048,
        "7.weight": 2048,
        "9.weight": 320
    }
}