{
    "test_score": 0.8642,
    "sparsity": 0.3,
    "n_rounds": 5,
    "prune_epochs": 5,
    "norm": "random",
    "generate_time": 2.0022008419036865,
    "structured": false,
    "fine_tune": false,
    "NonCallBack": {
        "ObjectiveValue": 0.05197966954294253,
        "MostNegativeValue": -6.6865034103393555,
        "TimeFirstNegative": 4.751976013183594,
        "SolverStatus": 9,
        "Runtime": 300.1023848056793,
        "Batch_num": 1
    },
    "NonZeroParams": 44438,
    "ParametersDetails": {
        "1.weight": 35123,
        "3.weight": 2867,
        "5.weight": 2867,
        "7.weight": 2867,
        "9.weight": 448
    }
}