{
    "test_score": 0.3001,
    "sparsity": 0.8,
    "n_rounds": 5,
    "prune_epochs": 5,
    "norm": "random",
    "generate_time": 204.18352460861206,
    "structured": true,
    "fine_tune": true,
    "NonCallBack": {
        "ObjectiveValue": 1.064710408449173,
        "MostNegativeValue": -1.1895506381988525,
        "TimeFirstNegative": 0.015238046646118164,
        "SolverStatus": 2,
        "Runtime": 0.01548910140991211,
        "Batch_num": 4
    },
    "NonZeroParams": 6586,
    "ParametersDetails": {
        "1.weight": 3888,
        "3.weight": 768,
        "5.weight": 768,
        "7.weight": 768,
        "9.weight": 128
    }
}