{
    "test_score": 0.9508,
    "sparsity": 0.5,
    "n_rounds": 5,
    "prune_epochs": 5,
    "norm": "L1",
    "generate_time": 1.8322069644927979,
    "structured": false,
    "fine_tune": false,
    "NonCallBack": {
        "ObjectiveValue": -14.47925134998719,
        "MostNegativeValue": -14.593236923217773,
        "TimeFirstNegative": 200.68180298805237,
        "SolverStatus": 9,
        "Runtime": 300.2051498889923,
        "Batch_num": 4
    },
    "RemoveRegion": {
        "ObjectiveValue": null,
        "MostNegativeValue": -13.86832046508789,
        "TimeFirstNegative": 10.873480081558228,
        "SolverStatus": 9,
        "Runtime": 300.0566511154175
    },
    "NonZeroParams": 17097,
    "ParametersDetails": {
        "1.weight": 10368,
        "3.weight": 2048,
        "5.weight": 2048,
        "7.weight": 2048,
        "9.weight": 319
    }
}