{
    "test_score": 0.1135,
    "sparsity": 0.95,
    "n_rounds": 5,
    "prune_epochs": 5,
    "norm": "random",
    "generate_time": 1.9822289943695068,
    "structured": false,
    "fine_tune": false,
    "NonCallBack": {
        "ObjectiveValue": 1.0109357763984306,
        "MostNegativeValue": -0.06738126277923584,
        "TimeFirstNegative": 0.13296890258789062,
        "SolverStatus": 2,
        "Runtime": 4.24170184135437,
        "Batch_num": 4
    },
    "NonZeroParams": 1949,
    "ParametersDetails": {
        "1.weight": 1036,
        "3.weight": 205,
        "5.weight": 205,
        "7.weight": 205,
        "9.weight": 32
    }
}