{
    "test_score": 0.6984,
    "sparsity": 0.8,
    "n_rounds": 5,
    "prune_epochs": 5,
    "norm": "L1",
    "generate_time": 1.857255220413208,
    "structured": false,
    "fine_tune": false,
    "NonCallBack": {
        "ObjectiveValue": -2.9094740598731255,
        "MostNegativeValue": -8.401683807373047,
        "TimeFirstNegative": 84.04533290863037,
        "SolverStatus": 9,
        "Runtime": 300.1186261177063,
        "Batch_num": 1
    },
    "RemoveRegion": {
        "ObjectiveValue": null,
        "MostNegativeValue": -9.189958572387695,
        "TimeFirstNegative": 16.814558029174805,
        "SolverStatus": 9,
        "Runtime": 300.4031648635864
    },
    "NonZeroParams": 12889,
    "ParametersDetails": {
        "1.weight": 10035,
        "3.weight": 820,
        "5.weight": 820,
        "7.weight": 820,
        "9.weight": 128
    }
}