{
    "test_score": 0.2548,
    "sparsity": 0.8,
    "n_rounds": 5,
    "prune_epochs": 5,
    "norm": "random",
    "generate_time": 203.19866180419922,
    "structured": false,
    "fine_tune": true,
    "NonCallBack": {
        "ObjectiveValue": -0.0631417947939934,
        "MostNegativeValue": -3.069680690765381,
        "TimeFirstNegative": 99.36522388458252,
        "SolverStatus": 9,
        "Runtime": 300.23938608169556,
        "Batch_num": 1
    },
    "NonZeroParams": 12889,
    "ParametersDetails": {
        "1.weight": 10035,
        "3.weight": 820,
        "5.weight": 820,
        "7.weight": 820,
        "9.weight": 128
    }
}