{
    "test_score": 0.2532,
    "sparsity": 0.5,
    "n_rounds": 5,
    "prune_epochs": 5,
    "norm": "random",
    "generate_time": 2.0015013217926025,
    "structured": true,
    "fine_tune": false,
    "NonCallBack": {
        "ObjectiveValue": -1.2573189275033814,
        "MostNegativeValue": -10.53378677368164,
        "TimeFirstNegative": 0.08484792709350586,
        "SolverStatus": 9,
        "Runtime": 300.35842394828796,
        "Batch_num": 1
    },
    "NonZeroParams": 31818,
    "ParametersDetails": {
        "1.weight": 25088,
        "3.weight": 2048,
        "5.weight": 2048,
        "7.weight": 2048,
        "9.weight": 320
    }
}