{
    "test_score": 0.9488,
    "sparsity": 0.5,
    "n_rounds": 5,
    "prune_epochs": 5,
    "norm": "random",
    "generate_time": 211.37172865867615,
    "structured": false,
    "fine_tune": true,
    "NonCallBack": {
        "ObjectiveValue": -10.666159483914313,
        "MostNegativeValue": -13.84809684753418,
        "TimeFirstNegative": 73.66477394104004,
        "SolverStatus": 9,
        "Runtime": 300.23312187194824,
        "Batch_num": 4
    },
    "NonZeroParams": 17097,
    "ParametersDetails": {
        "1.weight": 10368,
        "3.weight": 2048,
        "5.weight": 2048,
        "7.weight": 2048,
        "9.weight": 319
    }
}